Rk,Team,Conf,W-L,NetRtg,ORtg,R_ORtg,DRtg,R_DRtg,AdjT,R_Tempo,Luck,R_Luck,NetRtg,R_SOS_NetRTG,ORtg,R_SOS_ORTG,DRtg,R_SOS_DRtg,NetRtg,R_Non_Conf_SOS_NetRTG
1,Duke,ACC,25-3,+38.78,128.6,2,89.9,4,66.0,264,-.041,290,+9.11,56,113.2,41,104.1,71,+9.61,22
2,Auburn,SEC,26-2,+36.92,130.7,1,93.7,12,68.5,125,+.064,53,+17.12,1,116.5,2,99.4,2,+10.30,19
3,Houston,B12,24-4,+35.92,125.1,8,89.1,3,61.0,361,-.015,219,+12.40,27,113.5,35,101.1,20,+2.61,101
4,Florida,SEC,24-4,+33.47,126.6,4,93.1,8,69.4,75,-.005,187,+11.47,37,113.2,40,101.7,28,-1.39,217
5,Tennessee,SEC,23-5,+31.50,119.0,25,87.5,1,63.8,345,+.020,131,+13.74,13,116.1,4,102.4,48,-0.87,205
6,Alabama,SEC,23-5,+29.36,127.8,3,98.4,40,74.8,1,+.048,83,+17.06,2,117.3,1,100.3,8,+12.04,10
7,Texas Tech,B12,21-7,+27.11,123.9,10,96.8,27,65.9,273,-.058,312,+9.54,54,111.6,68,102.0,37,-5.01,314
8,Wisconsin,B10,22-6,+27.11,125.2,7,98.1,37,67.4,189,-.038,284,+12.08,31,114.1,21,102.0,38,+0.41,156
9,Gonzaga,WCC,22-8,+26.63,124.5,9,97.9,36,70.4,46,-.095,354,+6.14,79,111.2,73,105.1,89,+9.39,24
10,Michigan St.,B10,23-5,+26.55,118.9,26,92.4,6,67.5,177,-.005,189,+11.68,36,113.8,28,102.1,39,+0.11,175
11,Missouri,SEC,21-7,+26.18,125.9,5,99.8,52,68.5,124,-.015,216,+10.19,47,112.3,55,102.1,41,-9.36,357
12,Arizona,B12,19-9,+25.88,120.8,17,94.9,19,70.3,51,-.051,303,+14.26,11,115.2,10,100.9,14,+5.83,47
13,Iowa St.,B12,21-7,+25.78,119.3,23,93.5,11,68.9,102,-.023,247,+10.94,43,113.0,44,102.1,40,-1.65,227
14,St. John's,BE,25-4,+25.30,114.2,72,88.9,2,70.0,60,-.028,258,+8.49,62,112.3,57,103.8,66,-0.13,183
15,Kentucky,SEC,19-9,+24.92,125.8,6,100.8,61,70.8,35,-.015,221,+16.66,3,116.4,3,99.7,3,+4.21,65
16,Maryland,B10,21-7,+24.85,119.5,20,94.6,16,70.1,53,-.047,296,+8.85,58,112.7,49,103.8,67,-10.50,360
17,Purdue,B10,19-9,+24.41,123.7,11,99.3,49,65.5,290,-.010,208,+15.50,5,116.1,5,100.6,10,+10.40,18
18,Saint Mary's,WCC,25-4,+24.28,117.7,37,93.4,10,62.3,359,+.004,174,+5.15,89,111.1,75,106.0,113,+5.28,52
19,Clemson,ACC,23-5,+24.15,121.1,16,97.0,28,63.9,343,-.030,261,+8.01,66,112.3,58,104.3,76,+3.89,75
20,Kansas,B12,19-9,+23.53,115.3,59,91.8,5,68.8,107,-.009,205,+13.59,16,114.5,17,100.9,15,+8.24,30
21,Texas A&M,SEC,20-8,+23.44,116.3,52,92.8,7,66.6,226,+.007,163,+14.89,8,115.2,9,100.4,9,+7.29,36
22,Illinois,B10,18-11,+22.97,120.6,18,97.7,35,71.8,18,-.040,288,+15.10,6,115.0,12,99.9,4,+3.38,87
23,Michigan,B10,21-6,+22.84,117.5,39,94.6,17,69.9,62,+.060,61,+12.71,21,113.9,24,101.2,22,+4.02,74
24,Louisville,ACC,22-6,+22.48,119.2,24,96.8,26,69.1,87,+.049,81,+9.89,51,113.3,38,103.4,63,+7.03,41
25,Mississippi,SEC,19-9,+22.16,117.8,36,95.6,21,68.3,135,-.005,188,+13.73,14,114.7,16,101.0,17,-0.85,204
26,Marquette,BE,21-7,+22.04,118.1,32,96.1,22,67.6,173,+.005,172,+10.68,44,113.1,43,102.4,45,+8.86,26
27,BYU,B12,20-8,+21.78,123.5,12,101.7,71,67.3,194,+.009,156,+9.43,55,111.6,69,102.1,42,-7.38,347
28,UCLA,B10,20-8,+21.73,116.3,51,94.6,15,65.0,312,-.007,197,+11.07,41,113.5,36,102.4,49,-5.00,313
29,VCU,A10,23-5,+20.81,117.0,45,96.2,23,66.6,228,-.058,313,+0.47,141,107.2,176,106.7,131,-3.63,290
30,Baylor,B12,16-12,+20.56,122.3,13,101.7,70,65.2,299,-.058,311,+15.58,4,114.2,19,98.6,1,+7.99,31
31,Mississippi St.,SEC,19-9,+20.11,118.9,27,98.8,43,68.0,152,+.055,72,+14.96,7,115.8,6,100.8,12,+1.12,139
32,Ohio St.,B10,16-13,+19.65,118.2,31,98.6,41,67.5,178,-.064,320,+14.39,10,115.5,7,101.1,19,+3.52,85
33,Creighton,BE,20-8,+19.35,116.6,49,97.3,32,68.2,144,+.028,115,+11.14,40,112.7,48,101.6,26,+6.00,46
34,Oregon,B10,20-8,+18.88,117.8,34,99.0,47,68.1,151,+.089,30,+14.11,12,115.1,11,101.0,18,+4.10,69
35,UC San Diego,BW,24-4,+18.15,116.5,50,98.3,38,66.1,259,-.006,196,-1.51,184,106.7,206,108.2,183,-1.80,231
36,Arkansas,SEC,17-11,+18.12,113.1,79,95.0,20,69.1,89,-.025,251,+12.98,19,114.9,13,101.9,32,-2.67,258
37,Connecticut,BE,19-9,+17.76,122.2,14,104.5,111,64.4,328,-.024,248,+9.85,52,112.5,52,102.6,52,-0.52,193
38,Georgia,SEC,17-11,+17.64,114.9,62,97.2,30,66.8,218,-.008,201,+12.86,20,113.8,26,100.9,16,-5.03,315
39,Vanderbilt,SEC,19-9,+17.44,119.4,21,102.0,76,69.6,68,+.050,79,+11.96,34,113.6,32,101.6,27,-6.53,341
40,New Mexico,MWC,22-6,+17.39,114.1,73,96.7,24,73.0,4,+.009,157,+6.80,74,109.9,88,103.1,55,+5.19,53
41,North Carolina,ACC,18-11,+17.22,119.3,22,102.1,77,71.0,29,-.003,185,+12.05,32,114.0,23,102.0,33,+13.44,7
42,Texas,SEC,16-12,+17.21,117.3,42,100.1,54,67.4,192,-.070,325,+12.23,29,113.7,31,101.4,25,-8.11,351
43,San Diego St.,MWC,19-7,+17.14,110.4,116,93.3,9,66.0,263,+.018,137,+8.57,61,112.0,62,103.4,64,+13.03,8
44,Boise St.,MWC,20-8,+17.02,117.1,43,100.1,56,66.4,239,-.013,215,+6.09,80,110.0,86,104.0,69,+2.23,118
45,SMU,ACC,21-7,+17.00,118.8,29,101.8,73,69.4,69,+.047,85,+5.45,83,110.9,78,105.5,100,-3.09,275
46,Memphis,Amer,23-5,+16.43,114.8,63,98.4,39,70.6,41,+.077,40,+7.34,71,112.4,54,105.0,86,+15.95,4
47,Nebraska,B10,17-11,+16.40,113.5,76,97.1,29,67.6,171,+.029,111,+12.47,25,114.5,18,102.0,34,-2.32,247
48,Oklahoma,SEC,17-11,+16.39,117.9,33,101.5,68,68.7,115,+.012,151,+12.69,22,113.8,25,101.1,21,-5.21,323
49,Utah St.,MWC,24-5,+16.23,121.4,15,105.2,122,68.2,138,+.090,29,+5.36,85,109.4,94,104.1,70,+1.18,137
50,West Virginia,B12,17-11,+16.22,110.8,109,94.5,14,64.4,327,+.011,154,+13.06,18,113.1,42,100.1,5,+1.11,140
51,Northwestern,B10,15-13,+16.07,115.1,61,99.0,48,65.1,306,-.087,346,+11.28,38,113.8,30,102.5,51,-2.40,250
52,Indiana,B10,17-11,+15.86,115.4,57,99.6,51,68.3,133,+.029,113,+12.56,23,114.7,15,102.2,43,+1.01,144
53,Cincinnati,B12,17-11,+15.56,112.3,89,96.7,25,65.4,294,-.023,243,+10.08,48,112.7,47,102.6,53,-5.77,335
54,Xavier,BE,18-10,+15.39,114.3,70,98.9,44,69.4,72,-.015,220,+8.81,60,111.2,74,102.4,47,-1.09,210
55,Villanova,BE,17-12,+14.88,119.7,19,104.8,116,63.2,355,-.076,335,+7.57,69,110.8,79,103.2,58,-5.81,336
56,Santa Clara,WCC,19-11,+14.75,117.1,44,102.4,79,68.9,101,-.036,274,+5.26,87,110.5,85,105.2,93,+4.17,68
57,Pittsburgh,ACC,16-12,+14.29,117.6,38,103.3,97,66.3,244,-.035,273,+8.88,57,113.0,45,104.1,72,+4.61,60
58,Drake,MVC,26-3,+13.37,113.4,77,100.0,53,59.5,364,+.008,160,-0.11,150,108.5,117,108.6,205,-1.94,237
59,Arizona St.,B12,13-15,+13.35,112.3,90,98.9,45,68.8,105,-.024,250,+14.64,9,114.7,14,100.1,6,+8.28,29
60,McNeese,Slnd,23-6,+13.08,114.3,71,101.2,65,65.3,297,-.037,278,-1.98,203,106.3,235,108.2,186,+9.64,21
61,San Francisco,WCC,23-7,+13.08,112.4,88,99.3,50,67.7,166,+.060,60,+2.35,110,109.2,103,106.8,137,-1.13,211
62,Colorado St.,MWC,19-9,+13.05,114.3,68,101.2,66,66.4,237,+.016,141,+4.77,92,108.9,108,104.1,73,+1.48,130
63,USC,B10,14-14,+13.01,117.3,41,104.3,110,68.6,118,-.047,297,+11.20,39,113.6,33,102.4,46,-1.94,236
64,North Texas,Amer,20-6,+12.82,110.1,122,97.3,31,60.9,362,-.021,238,+1.80,117,109.7,91,107.9,168,+2.51,105
65,Penn St.,B10,15-14,+12.36,115.4,58,103.0,89,70.0,57,-.092,350,+8.23,64,112.0,61,103.8,65,-9.96,359
66,Yale,Ivy,18-6,+12.31,116.8,47,104.5,112,68.2,136,-.071,327,-3.26,250,107.2,177,110.4,312,-0.53,196
67,Kansas St.,B12,13-15,+12.26,112.5,85,100.2,57,67.4,190,-.071,328,+12.49,24,112.6,50,100.1,7,-0.67,199
68,Liberty,CUSA,22-5,+12.11,109.7,128,97.6,34,65.6,285,-.010,209,-0.19,154,106.5,216,106.7,130,-2.69,260
69,Butler,BE,13-15,+11.65,116.9,46,105.3,126,67.8,161,-.085,344,+9.98,49,112.0,63,102.0,35,+3.10,93
70,Nevada,MWC,16-12,+11.46,114.5,66,103.1,90,63.9,342,-.086,345,+4.47,94,109.6,92,105.1,91,+2.81,98
71,Iowa,B10,15-13,+11.40,118.8,28,107.4,172,70.3,50,-.029,260,+10.27,46,113.4,37,103.1,57,-8.08,350
72,UC Irvine,BW,23-5,+11.40,105.7,213,94.3,13,69.2,82,+.069,48,+1.17,125,108.1,135,106.9,142,+4.23,64
73,Rutgers,B10,14-14,+11.16,116.0,54,104.8,115,68.8,106,-.016,227,+12.45,26,113.8,27,101.3,23,-2.12,242
74,Wake Forest,ACC,19-9,+10.96,109.7,129,98.7,42,67.1,207,+.074,43,+7.69,68,111.6,67,103.9,68,-1.67,228
75,George Mason,A10,22-6,+10.94,105.8,212,94.8,18,64.4,329,+.079,38,+0.68,138,107.9,146,107.2,149,-4.93,312
76,LSU,SEC,14-14,+10.67,111.2,102,100.6,60,68.1,146,-.057,308,+11.97,33,113.8,29,101.8,29,-6.88,345
77,UCF,B12,15-13,+10.67,115.6,56,104.9,117,72.0,16,+.053,76,+11.72,35,112.6,51,100.9,13,-0.40,192
78,Saint Joseph's,A10,18-10,+10.64,111.2,103,100.6,59,68.4,129,-.073,331,+0.75,135,106.8,197,106.1,116,-3.91,297
79,Dayton,A10,19-9,+10.58,117.4,40,106.8,160,66.2,253,+.026,118,+4.69,93,108.9,109,104.2,75,+4.36,63
80,South Carolina,SEC,11-17,+10.41,110.5,113,100.1,55,65.7,280,-.071,326,+13.60,15,115.5,8,101.9,31,-1.60,224
81,Utah,B12,15-13,+10.40,112.3,91,101.9,74,68.8,108,-.020,234,+9.95,50,112.4,53,102.5,50,-8.89,354
82,Oregon St.,WCC,20-10,+10.27,116.8,48,106.5,156,64.2,336,-.006,195,+0.55,140,107.5,158,107.0,144,-4.03,299
83,Georgetown,BE,16-12,+9.99,108.9,144,98.9,46,68.5,127,-.023,244,+5.61,81,110.0,87,104.4,77,-11.67,364
84,Lipscomb,ASun,22-9,+9.42,113.0,80,103.6,99,66.3,240,-.044,293,-3.94,276,106.7,204,110.7,329,+3.83,76
85,TCU,B12,15-13,+9.27,106.9,189,97.6,33,66.7,220,+.056,69,+13.32,17,114.1,22,100.8,11,+2.64,100
86,Stanford,ACC,18-10,+8.81,112.7,82,103.9,104,67.2,203,+.060,62,+3.99,96,109.4,99,105.4,99,-4.15,301
87,High Point,BSth,26-5,+8.80,118.8,30,110.0,223,66.9,212,+.005,171,-5.55,297,105.0,289,110.6,325,-5.61,332
88,Florida St.,ACC,16-12,+8.54,110.1,120,101.6,69,70.1,56,-.006,194,+5.24,88,110.5,83,105.3,94,-2.60,256
89,Arkansas St.,SB,21-9,+8.49,109.5,131,101.0,62,70.1,54,-.059,314,-2.43,223,105.8,251,108.3,187,+1.34,132
90,Providence,BE,12-16,+8.30,113.6,75,105.3,127,66.7,222,-.069,324,+9.76,53,112.1,59,102.4,44,+0.33,161
91,Minnesota,B10,14-14,+7.87,110.8,108,102.9,86,62.6,357,+.039,96,+10.39,45,113.3,39,102.9,54,-5.55,331
92,Colorado,B12,11-17,+7.39,108.5,152,101.1,63,67.4,185,-.057,310,+12.22,30,113.6,34,101.4,24,-1.53,222
93,Notre Dame,ACC,12-16,+7.34,114.3,69,107.0,163,65.0,314,-.091,349,+7.04,72,111.5,70,104.5,79,+0.37,157
94,Bradley,MVC,23-7,+6.96,112.2,92,105.3,128,66.2,247,+.091,27,-0.16,151,108.8,112,108.9,223,-2.79,264
95,UNLV,MWC,15-13,+6.95,108.2,159,101.2,67,65.9,272,-.001,181,+5.49,82,110.5,84,105.0,85,+3.52,84
96,Northern Iowa,MVC,20-10,+6.88,111.0,107,104.1,107,65.6,286,+.014,148,-0.17,152,108.1,136,108.2,185,-1.48,221
97,Washington,B10,13-15,+6.70,110.7,110,104.0,105,68.1,148,+.020,134,+12.37,28,114.2,20,101.8,30,-3.72,292
98,Virginia,ACC,14-14,+6.49,112.4,87,105.9,139,61.1,360,+.026,119,+8.84,59,112.1,60,103.2,59,+1.33,133
99,St. Bonaventure,A10,19-10,+6.29,108.6,150,102.3,78,64.0,340,+.010,155,+1.25,124,107.8,150,106.6,125,-3.56,288
100,Oklahoma St.,B12,14-14,+6.27,109.5,132,103.2,94,71.2,26,+.090,28,+10.98,42,113.0,46,102.0,36,-2.75,262
101,Grand Canyon,WAC,20-6,+6.16,106.5,195,100.3,58,72.1,14,+.030,110,-3.27,251,103.9,314,107.2,148,-2.72,261
102,Akron,MAC,22-6,+5.95,112.0,95,106.1,144,72.3,12,+.060,59,-3.88,272,105.6,263,109.5,254,+1.15,138
103,Georgia Tech,ACC,14-14,+5.85,107.7,171,101.9,75,68.7,112,-.007,200,+6.22,78,111.3,72,105.1,90,-7.30,346
104,Samford,SC,21-8,+5.46,111.7,99,106.2,147,70.7,36,+.025,120,-3.36,255,105.9,249,109.3,240,-0.59,197
105,South Dakota St.,Sum,19-10,+5.15,112.2,94,107.0,167,69.1,91,-.029,259,-1.11,174,109.4,98,110.5,324,+4.02,73
106,CSUN,BW,20-7,+4.97,109.0,141,104.1,106,72.2,13,+.044,88,-3.29,253,105.1,282,108.4,197,-5.13,318
107,UAB,Amer,18-9,+4.87,117.8,35,113.0,285,69.1,93,-.037,281,-3.04,241,105.8,252,108.9,220,-7.72,348
108,Troy,SB,19-10,+4.83,107.5,177,102.7,83,66.1,261,-.018,229,-2.72,232,105.9,246,108.7,206,+1.09,141
109,Florida Atlantic,Amer,15-12,+4.76,113.9,74,109.2,211,69.6,66,-.009,207,+2.85,102,108.8,110,105.9,112,+4.19,67
110,Loyola Chicago,A10,19-9,+4.55,107.8,167,103.3,96,67.5,181,+.057,68,-0.46,164,106.6,207,107.1,146,-8.90,355
111,Saint Louis,A10,16-12,+4.28,108.1,162,103.9,103,67.5,179,-.001,179,+3.70,97,108.8,111,105.1,88,-0.26,190
112,North Alabama,ASun,22-9,+4.26,112.5,86,108.2,188,66.7,221,+.014,146,-5.58,301,105.4,278,111.0,346,-2.52,252
113,N.C. State,ACC,11-17,+4.23,109.0,143,104.7,114,65.1,308,-.088,347,+6.85,73,111.7,66,104.9,82,-4.89,310
114,George Washington,A10,18-11,+4.19,107.1,183,102.9,85,67.5,180,-.036,275,-1.90,199,105.4,276,107.3,151,-11.00,362
115,Jacksonville St.,CUSA,19-9,+4.16,110.5,114,106.3,151,65.5,288,+.057,65,+1.56,118,108.2,133,106.6,127,+0.16,173
116,California,ACC,12-16,+4.06,111.7,98,107.7,179,67.6,174,-.035,272,+6.52,75,111.8,64,105.3,95,-1.99,239
117,Washington St.,WCC,16-13,+3.99,111.8,97,107.8,183,70.0,59,+.068,49,+5.42,84,111.0,76,105.6,105,+3.24,90
118,Kent St.,MAC,19-9,+3.98,107.1,182,103.1,91,66.0,266,+.025,122,-3.68,266,106.1,240,109.7,269,+2.04,120
119,South Alabama,SB,20-10,+3.52,107.8,169,104.3,108,63.5,350,-.020,235,-3.92,275,105.1,287,109.0,228,-2.76,263
120,UNC Wilmington,CAA,22-7,+3.51,112.9,81,109.4,213,65.7,278,+.049,82,-4.21,282,105.5,266,109.7,270,-4.13,300
121,Syracuse,ACC,12-16,+3.48,110.2,119,106.7,159,68.6,116,+.036,100,+8.14,65,112.3,56,104.2,74,+2.37,112
122,Middle Tennessee,CUSA,18-9,+3.43,110.1,121,106.7,157,68.2,142,+.103,17,+2.88,100,108.2,130,105.3,96,+3.20,91
123,Chattanooga,SC,21-8,+3.42,115.7,55,112.3,270,66.8,215,+.069,47,-2.88,237,105.5,271,108.4,193,+0.21,169
124,Wichita St.,Amer,17-10,+3.39,108.6,149,105.2,125,68.7,113,+.076,41,+1.16,126,108.0,143,106.8,136,+1.29,135
125,UNC Greensboro,SC,19-10,+3.29,107.9,164,104.6,113,63.8,344,-.012,212,-1.82,193,107.2,173,109.1,232,+2.35,113
126,St. Thomas,Sum,20-9,+3.13,115.3,60,112.2,267,67.9,154,-.009,206,-2.47,225,108.3,127,110.7,332,-0.65,198
127,Wofford,SC,16-14,+3.05,112.6,83,109.6,215,64.2,337,-.038,286,-0.18,153,107.6,156,107.7,162,+5.50,48
128,North Dakota St.,Sum,21-10,+3.02,116.1,53,113.1,288,65.1,302,+.013,149,-2.95,239,108.5,121,111.4,356,-0.10,182
129,Davidson,A10,16-12,+2.96,112.0,96,109.1,207,65.6,284,-.011,210,-0.54,167,106.4,231,106.9,141,-4.51,305
130,Louisiana Tech,CUSA,18-10,+2.88,110.0,126,107.1,168,64.6,322,+.066,51,+1.32,121,106.5,221,105.2,92,-1.59,223
131,Utah Valley,WAC,20-7,+2.76,105.9,207,103.2,92,67.9,155,+.113,13,-1.03,172,107.3,171,108.4,194,+0.95,145
132,East Tennessee St.,SC,18-12,+2.57,107.6,174,105.1,118,65.5,291,-.073,330,-2.93,238,106.5,223,109.4,249,-2.68,259
133,Rhode Island,A10,17-10,+2.48,108.5,153,106.0,141,70.8,32,+.034,103,-0.39,162,106.4,227,106.8,138,-5.85,337
134,DePaul,BE,11-18,+2.43,108.9,146,106.4,154,67.2,201,-.074,332,+7.92,67,111.0,77,103.1,56,-9.83,358
135,Kennesaw St.,CUSA,16-12,+2.40,105.6,216,103.2,93,70.5,43,+.016,144,+2.42,108,107.8,152,105.3,97,+3.29,89
136,Northern Colorado,BSky,21-8,+2.40,112.5,84,110.1,226,69.2,86,+.054,74,-3.77,270,106.7,203,110.5,322,+2.45,108
137,Belmont,MVC,20-10,+2.34,114.7,65,112.4,274,70.6,40,+.091,26,-0.33,160,107.5,161,107.9,167,-1.78,230
138,Milwaukee,Horz,19-10,+2.23,109.1,140,106.8,161,68.5,123,+.006,166,-2.25,216,107.0,187,109.2,238,+2.57,102
139,UC Santa Barbara,BW,18-10,+2.23,109.2,136,106.9,162,65.1,307,-.028,257,-3.92,274,104.6,298,108.6,202,-8.11,352
140,Western Kentucky,CUSA,15-12,+2.18,105.1,219,102.9,87,72.6,7,+.024,125,+2.51,106,108.0,141,105.5,101,+1.99,121
141,New Mexico St.,CUSA,15-12,+2.15,103.9,237,101.8,72,65.5,292,-.006,193,+2.43,107,107.5,163,105.1,87,+1.80,123
142,Illinois St.,MVC,17-13,+2.02,114.7,64,112.7,278,65.5,287,-.017,228,+0.73,136,108.7,113,108.0,176,-1.69,229
143,Murray St.,MVC,15-15,+1.74,107.7,173,105.9,138,65.0,315,-.034,270,+1.53,119,108.5,118,107.0,145,+1.58,125
144,Duquesne,A10,12-16,+1.70,105.4,218,103.7,102,65.0,313,-.107,356,+1.13,127,107.7,155,106.5,124,-2.09,241
145,UTEP,CUSA,17-10,+1.53,106.9,188,105.4,134,68.6,117,+.071,46,+2.11,114,106.9,193,104.8,81,+0.85,147
146,UC Riverside,BW,18-11,+1.48,110.4,117,108.9,201,67.3,197,+.122,10,+2.64,105,108.7,115,106.0,114,+8.48,28
147,Virginia Tech,ACC,12-16,+1.41,107.7,170,106.3,152,65.3,295,+.019,136,+6.52,76,111.5,71,105.0,84,-1.06,208
148,James Madison,SB,20-10,+1.28,111.3,101,110.0,224,65.1,305,+.077,39,-1.77,190,105.9,248,107.7,161,+4.10,70
149,Appalachian St.,SB,17-12,+1.13,102.3,264,101.1,64,63.6,348,-.021,237,-3.13,246,107.1,181,110.2,302,+3.60,83
150,Purdue Fort Wayne,Horz,19-10,+1.10,112.2,93,111.1,243,69.7,64,+.021,130,-4.04,278,105.5,265,109.6,261,+0.27,166
151,Furman,SC,22-8,+0.96,108.4,155,107.4,173,66.0,268,+.121,11,-2.62,229,105.9,250,108.5,200,+0.27,165
152,Sam Houston St.,CUSA,11-17,+0.94,110.7,111,109.7,220,67.7,168,-.080,340,+5.13,90,108.4,122,103.3,61,+7.19,38
153,Cal Baptist,WAC,13-13,+0.91,108.5,151,107.6,177,66.5,231,-.063,319,-1.12,175,105.1,285,106.2,118,-0.06,181
154,Tulane,Amer,16-12,+0.75,107.9,165,107.1,169,66.9,211,-.036,276,-2.12,210,106.5,213,108.7,209,-6.04,339
155,East Carolina,Amer,16-12,+0.52,109.1,139,108.6,194,66.5,230,-.019,230,-1.29,179,107.4,168,108.7,210,-5.20,322
156,Illinois Chicago,MVC,16-13,+0.52,109.1,138,108.6,195,69.3,79,+.055,73,+2.18,112,108.7,114,106.5,123,+2.90,95
157,Towson,CAA,19-10,+0.50,105.6,215,105.1,119,63.7,347,+.092,24,-1.60,185,106.5,217,108.1,180,+3.18,92
158,Seattle,WAC,10-16,+0.43,106.6,192,106.2,146,66.1,257,-.166,364,+0.98,130,106.5,218,105.5,102,+5.33,50
159,Robert Morris,Horz,22-8,+0.36,105.7,214,105.4,133,68.5,122,+.084,31,-6.27,314,104.8,293,111.1,350,-8.68,353
160,Cornell,Ivy,14-10,+0.32,113.1,78,112.8,280,71.0,30,-.012,211,-1.71,187,106.9,189,108.7,207,-2.59,255
161,Charleston,CAA,21-8,+0.23,106.5,193,106.3,150,70.5,45,+.160,2,-1.83,194,106.5,219,108.3,190,+0.36,158
162,Radford,BSth,18-12,+0.13,110.0,125,109.8,221,63.3,353,+.065,52,-1.63,186,108.0,142,109.6,263,+1.55,127
163,Miami OH,MAC,21-7,+0.04,108.8,147,108.8,198,69.4,71,+.109,14,-6.04,310,103.9,313,110.0,289,-3.11,277
164,Loyola Marymount,WCC,16-13,-0.04,104.3,232,104.3,109,67.2,202,+.092,25,+2.66,104,109.4,96,106.8,134,-0.24,187
165,Florida Gulf Coast,ASun,18-13,-0.07,109.2,135,109.3,212,65.5,289,-.016,224,-3.47,262,106.6,211,110.0,292,+3.67,79
166,Bryant,AE,17-11,-0.09,107.5,178,107.6,176,72.5,8,-.034,269,-5.77,305,103.9,312,109.7,268,+0.31,163
167,Rice,Amer,13-16,-0.27,109.3,133,109.6,216,65.6,283,-.084,343,-2.13,212,105.8,256,107.9,171,-7.76,349
168,Cleveland St.,Horz,19-10,-0.31,104.8,224,105.1,121,66.2,249,+.050,80,-4.57,290,105.2,280,109.8,278,-0.52,194
169,San Jose St.,MWC,13-17,-0.51,109.1,137,109.6,219,66.4,234,+.004,173,+4.80,91,109.4,97,104.6,80,-3.19,279
170,Central Connecticut,NEC,21-6,-0.59,102.1,266,102.7,84,66.1,258,+.030,109,-9.93,361,101.8,361,111.7,360,-2.20,243
171,Temple,Amer,15-14,-0.71,110.3,118,111.0,241,69.0,97,+.008,159,+0.32,144,107.8,153,107.5,155,-1.82,232
172,Elon,CAA,17-12,-0.72,107.8,168,108.5,192,65.2,298,-.003,186,-2.82,233,106.0,243,108.8,216,-0.25,188
173,Norfolk St.,MEAC,20-8,-0.79,108.4,156,109.2,209,66.6,227,+.062,56,-6.77,329,103.7,319,110.5,317,+2.93,94
174,Princeton,Ivy,17-9,-1.11,106.5,194,107.6,178,66.7,219,+.132,7,-1.21,178,107.2,175,108.4,196,-0.20,185
175,Texas A&M Corpus Chris,Slnd,17-13,-1.21,106.6,191,107.8,184,68.2,137,-.013,214,-2.29,219,105.5,268,107.8,164,+4.07,72
176,Eastern Kentucky,ASun,18-13,-1.21,110.0,124,111.2,245,68.1,145,+.024,124,-3.05,243,106.8,200,109.8,280,+4.38,62
177,Montana,BSky,20-8,-1.21,111.3,100,112.6,276,67.4,186,+.207,1,-0.81,169,108.2,128,109.1,231,+9.35,25
178,Marshall,SB,18-12,-1.34,106.3,198,107.7,180,69.0,96,+.008,161,-4.34,287,106.1,238,110.4,313,-3.83,295
179,Nicholls,Slnd,18-11,-1.35,107.2,181,108.5,193,68.2,140,+.074,42,-2.02,204,105.5,273,107.5,156,+7.94,32
180,Boston College,ACC,12-16,-1.43,105.6,217,107.0,164,66.5,232,+.031,106,+4.13,95,109.9,89,105.7,106,-6.69,344
181,Jacksonville,ASun,18-12,-1.51,101.7,282,103.2,95,68.1,147,+.063,55,-2.63,230,107.9,148,110.5,320,+6.77,43
182,Lamar,Slnd,18-11,-1.54,103.6,241,105.2,123,65.6,281,+.059,63,-2.86,236,105.5,269,108.3,192,+3.83,77
183,Ohio,MAC,15-13,-1.54,107.6,175,109.2,210,70.6,42,-.050,299,-3.23,249,106.4,226,109.7,265,-1.39,218
184,Southern Illinois,MVC,13-17,-1.68,105.8,210,107.5,175,68.2,143,-.046,295,+1.04,129,109.3,100,108.3,189,+2.32,114
185,Campbell,CAA,15-14,-1.69,103.7,240,105.4,132,66.0,262,-.056,307,-4.46,289,105.5,272,109.9,285,-3.74,293
186,Central Michigan,MAC,13-15,-1.69,106.9,187,108.6,196,67.5,176,-.094,353,-1.30,180,107.1,180,108.4,195,+11.37,12
187,Wyoming,MWC,12-17,-1.78,104.2,234,106.0,140,65.1,310,+.007,164,+5.36,86,110.7,81,105.4,98,-2.89,268
188,Southeastern Louisiana,Slnd,18-11,-1.89,105.9,208,107.7,182,67.7,169,+.042,93,-4.33,285,105.1,283,109.5,252,-0.53,195
189,Nebraska Omaha,Sum,18-12,-2.04,111.1,105,113.1,289,67.8,160,+.080,36,-1.82,191,108.0,139,109.8,281,+0.23,167
190,Miami FL,ACC,6-22,-2.12,114.3,67,116.4,333,67.5,175,-.155,363,+7.41,70,110.8,80,103.4,62,-2.26,245
191,UNC Asheville,BSth,20-9,-2.25,109.6,130,111.8,254,68.4,128,+.148,4,-3.09,245,107.5,162,110.6,326,-0.19,184
192,Montana St.,BSky,12-16,-2.37,106.0,203,108.4,190,66.6,229,-.075,334,-1.45,182,107.4,167,108.9,221,+4.93,56
193,Longwood,BSth,17-12,-2.37,108.0,163,110.4,230,69.2,80,-.001,180,-3.46,261,107.5,164,110.9,345,-3.53,287
194,Oakland,Horz,13-16,-2.44,107.7,172,110.2,227,63.7,346,-.005,192,+0.39,142,107.9,144,107.5,158,+14.06,5
195,South Florida,Amer,13-16,-2.45,105.0,220,107.4,174,68.6,120,-.032,264,-0.21,157,108.6,116,108.8,217,-5.33,327
196,Merrimack,MAAC,15-13,-2.64,99.8,313,102.4,80,64.9,318,+.012,152,-4.66,292,105.5,270,110.1,298,+7.08,39
197,Texas St.,SB,15-15,-2.69,110.5,115,113.1,291,66.1,260,-.037,280,-2.13,211,105.2,281,107.3,152,+0.23,168
198,Winthrop,BSth,19-10,-2.71,108.2,161,110.9,237,72.9,6,+.096,21,-3.94,277,106.2,237,110.2,299,-3.02,272
199,Quinnipiac,MAAC,17-10,-2.74,102.5,257,105.3,129,71.8,17,+.044,89,-6.28,315,103.4,330,109.7,267,+0.35,160
200,Drexel,CAA,15-14,-2.79,102.8,252,105.6,136,63.2,354,-.062,317,-4.23,283,106.3,233,110.5,323,-5.14,320
201,Youngstown St.,Horz,19-11,-2.86,102.9,251,105.8,137,69.6,67,+.054,75,-5.37,296,105.4,274,110.8,337,-5.73,334
202,South Carolina St.,MEAC,15-12,-2.91,103.5,242,106.4,153,68.8,109,-.080,341,-6.76,328,103.6,321,110.4,310,+0.48,153
203,Brown,Ivy,13-11,-3.06,105.8,209,108.9,199,66.0,265,+.023,126,-4.36,288,106.4,230,110.7,334,-5.04,316
204,Seton Hall,BE,7-21,-3.10,99.9,310,103.0,88,64.4,332,-.046,294,+8.47,63,111.8,65,103.3,60,-2.45,251
205,Southeast Missouri,OVC,19-10,-3.14,103.2,245,106.3,149,68.8,110,+.020,133,-8.07,351,102.6,343,110.7,331,+3.77,78
206,Massachusetts,A10,11-17,-3.21,102.8,253,106.0,142,70.7,39,-.052,304,+1.07,128,106.9,196,105.8,108,-3.36,284
207,Portland St.,BSky,16-12,-3.25,102.1,270,105.3,130,68.8,104,+.001,177,-3.44,259,107.4,166,110.9,339,-1.15,212
208,Dartmouth,Ivy,13-11,-3.33,101.9,274,105.2,124,71.3,23,-.032,265,-4.33,286,106.6,210,110.9,344,-5.96,338
209,William & Mary,CAA,17-12,-3.47,109.3,134,112.8,279,71.2,27,+.068,50,-2.83,235,105.8,255,108.6,204,-1.37,215
210,Little Rock,OVC,18-11,-3.49,99.2,322,102.7,82,67.1,205,+.035,101,-8.54,357,102.2,354,110.7,333,+1.49,129
211,UT Arlington,WAC,13-14,-3.56,108.4,154,112.0,259,67.9,157,-.025,253,-2.11,209,104.8,296,106.9,140,+0.07,177
212,Abilene Christian,WAC,14-13,-3.92,99.8,312,103.7,101,69.2,83,+.037,99,-1.36,181,105.6,260,107.0,143,+0.67,150
213,Cal Poly,BW,11-17,-3.92,108.2,160,112.1,264,74.4,3,+.025,121,+2.87,101,107.8,149,105.0,83,+5.03,54
214,UTSA,Amer,10-17,-3.96,107.5,179,111.4,249,70.4,47,-.015,217,+1.98,115,108.4,123,106.5,122,+1.65,124
215,Maine,AE,16-12,-4.00,102.1,269,106.1,145,66.3,241,-.025,252,-6.66,325,104.1,308,110.8,335,-3.07,274
216,Indiana St.,MVC,13-17,-4.01,108.3,157,112.3,272,72.3,10,-.033,266,+0.35,143,107.8,151,107.4,154,-4.23,303
217,Northeastern,CAA,15-14,-4.06,104.9,223,108.9,202,67.8,162,+.020,132,-3.70,267,104.8,295,108.5,199,-3.59,289
218,Idaho St.,BSky,13-13,-4.08,106.4,196,110.5,233,66.1,255,-.062,318,-3.29,252,106.5,222,109.8,271,+2.49,106
219,Wright St.,Horz,13-16,-4.16,108.7,148,112.9,284,67.8,159,-.078,336,-3.07,244,106.3,232,109.4,250,+0.36,159
220,Queens,ASun,18-13,-4.18,106.4,197,110.6,235,69.0,95,+.055,71,-4.31,284,106.0,242,110.3,304,+0.87,146
221,Hampton,CAA,16-13,-4.37,104.6,228,109.0,205,65.6,282,+.018,138,-3.04,242,107.0,185,110.1,294,+0.69,149
222,Hawaii,BW,14-13,-4.41,103.5,243,107.9,185,65.8,275,+.044,91,-1.10,173,106.4,225,107.5,157,-2.84,266
223,Bucknell,PL,16-14,-4.54,102.5,259,107.0,165,67.6,172,+.005,170,-6.73,326,104.1,306,110.9,338,+0.13,174
224,Southern,SWAC,18-9,-4.61,100.9,297,105.5,135,69.1,90,+.102,18,-6.47,319,103.0,336,109.5,253,+11.14,13
225,Hofstra,CAA,13-16,-4.66,99.0,325,103.7,100,64.1,339,-.015,218,-1.14,177,106.5,215,107.7,160,+2.45,107
226,Fordham,A10,11-17,-4.68,106.2,200,110.9,239,70.2,52,+.006,167,+1.34,120,106.9,194,105.6,103,-3.44,285
227,UC Davis,BW,15-13,-5.23,97.4,337,102.7,81,67.4,191,+.096,20,-0.21,156,108.0,140,108.2,184,+2.43,109
228,Pepperdine,WCC,10-19,-5.26,106.0,205,111.3,246,69.6,65,-.052,305,+2.42,109,108.0,137,105.6,104,-4.19,302
229,SIUE,OVC,19-10,-5.33,101.7,283,107.0,166,66.2,248,+.040,95,-9.53,360,102.2,351,111.8,361,-3.16,278
230,Marist,MAAC,20-5,-5.72,100.7,302,106.4,155,64.4,331,+.103,16,-10.96,363,101.6,362,112.6,364,-11.34,363
231,Cal St. Bakersfield,BW,12-17,-5.72,107.4,180,113.2,292,66.0,267,-.038,285,-0.22,158,106.5,212,106.8,135,-1.87,233
232,Vermont,AE,17-11,-5.73,99.6,315,105.3,131,62.4,358,+.103,15,-5.67,303,105.0,291,110.6,327,-1.40,219
233,Presbyterian,BSth,13-17,-5.75,105.8,211,111.5,251,64.5,326,-.031,262,-2.11,208,107.7,154,109.8,277,-0.74,200
234,Valparaiso,MVC,13-17,-5.86,107.0,185,112.8,283,68.5,126,+.009,158,-0.45,163,106.9,192,107.4,153,-4.76,309
235,Missouri St.,MVC,9-21,-5.92,101.8,280,107.7,181,64.3,334,-.109,357,+0.60,139,109.5,93,108.9,219,+0.83,148
236,Toledo,MAC,16-12,-6.04,111.1,106,117.1,345,68.6,119,+.140,5,-2.07,207,106.6,208,108.7,215,+3.62,82
237,South Dakota,Sum,17-13,-6.12,110.6,112,116.7,337,74.5,2,+.083,32,-3.37,256,107.5,159,110.9,341,-3.89,296
238,UT Rio Grande Valley,Slnd,14-15,-6.20,104.7,227,110.9,236,70.8,34,-.023,245,-2.32,220,105.6,262,107.9,170,+1.04,143
239,Siena,MAAC,13-15,-6.27,103.8,238,110.1,225,67.1,208,-.057,309,-6.47,320,103.5,327,109.9,288,-1.32,214
240,Richmond,A10,10-19,-6.30,104.6,229,110.9,238,63.9,341,-.002,182,+2.32,111,108.2,129,105.9,111,-2.24,244
241,Northwestern St.,Slnd,13-15,-6.39,102.6,256,109.0,204,64.4,330,+.062,57,+0.20,146,107.1,183,106.9,139,+11.95,11
242,La Salle,A10,12-16,-6.46,103.2,246,109.6,218,69.2,84,+.052,77,+1.31,122,107.9,147,106.6,126,-1.61,226
243,Kansas City,Sum,11-18,-6.53,101.9,275,108.4,189,64.9,319,-.110,359,-1.89,197,109.1,105,111.0,348,+0.64,152
244,North Florida,ASun,15-16,-6.65,111.2,104,117.8,350,72.4,9,+.051,78,-1.92,200,107.1,182,109.0,227,+7.06,40
245,Incarnate Word,Slnd,15-14,-6.71,107.0,186,113.7,302,64.6,323,-.033,268,-5.78,306,103.7,318,109.5,256,-5.22,325
246,UMass Lowell,AE,16-12,-6.77,110.0,123,116.8,339,69.1,92,+.033,104,-7.30,341,101.8,359,109.1,233,-3.22,280
247,Northern Arizona,BSky,16-13,-7.00,104.9,222,111.9,257,66.9,214,+.002,176,-5.57,298,105.9,244,111.5,358,-4.57,307
248,Georgia Southern,SB,15-15,-7.00,103.0,250,110.0,222,70.0,58,+.059,64,-4.15,281,105.8,258,109.9,286,-3.10,276
249,Evansville,MVC,11-19,-7.16,100.0,309,107.2,170,66.9,213,-.015,223,+0.97,131,109.0,106,108.1,177,+1.20,136
250,Jackson St.,SWAC,10-17,-7.20,101.8,276,109.0,206,68.9,103,-.022,242,+0.31,145,106.8,201,106.5,121,+16.50,3
251,Fresno St.,MWC,5-23,-7.43,101.1,291,108.5,191,71.4,22,-.020,233,+6.34,77,110.7,82,104.4,78,-1.44,220
252,Manhattan,MAAC,13-12,-7.44,107.8,166,115.3,324,67.9,158,+.004,175,-7.78,348,102.0,357,109.8,279,-5.32,326
253,Northern Kentucky,Horz,14-15,-7.49,101.6,286,109.1,208,65.7,279,+.043,92,-2.51,227,106.9,195,109.4,248,+3.42,86
254,Gardner Webb,BSth,10-18,-7.67,104.9,221,112.6,277,69.3,78,-.005,190,-1.92,201,108.1,134,110.1,293,+0.41,155
255,Mount St. Mary's,MAAC,17-10,-7.71,101.3,290,109.0,203,68.1,150,+.154,3,-7.02,337,103.3,333,110.3,303,-0.84,202
256,American,PL,18-12,-7.72,102.6,255,110.3,228,63.6,349,+.122,9,-6.18,313,104.2,305,110.4,306,+1.52,128
257,Mercer,SC,12-18,-7.76,100.9,295,108.6,197,71.7,19,-.037,282,-1.74,189,106.9,191,108.7,213,-2.39,249
258,Tennessee St.,OVC,14-15,-7.86,103.1,248,110.9,240,71.4,21,-.081,342,-7.46,343,102.2,353,109.7,266,-0.23,186
259,Stephen F. Austin,Slnd,14-15,-7.99,95.6,349,103.6,98,67.1,206,+.046,87,-3.22,248,105.1,286,108.3,191,+1.06,142
260,Delaware,CAA,12-17,-8.03,109.0,142,117.1,343,70.7,37,-.016,226,-3.65,265,104.1,307,107.8,163,-1.90,234
261,Colgate,PL,13-17,-8.12,106.3,199,114.4,310,67.4,187,-.037,279,-5.09,294,104.3,304,109.4,247,+2.26,116
262,Idaho,BSky,12-16,-8.34,109.8,127,118.2,352,66.4,238,+.018,139,-1.98,202,106.5,214,108.5,201,+2.41,111
263,FIU,CUSA,8-19,-8.37,97.7,334,106.0,143,69.2,81,-.059,315,+0.09,147,107.9,145,107.8,165,-5.43,329
264,Charlotte,Amer,10-18,-8.52,104.8,226,113.3,297,64.9,317,+.007,162,-0.51,166,108.2,132,108.7,212,-3.95,298
265,Eastern Washington,BSky,10-18,-8.61,104.2,233,112.8,282,67.5,182,+.012,153,-0.33,161,108.5,119,108.8,218,+6.71,44
266,Columbia,Ivy,12-12,-8.74,107.6,176,116.3,332,70.3,49,+.015,145,-5.25,295,105.1,284,110.4,308,-10.84,361
267,North Dakota,Sum,11-18,-8.82,108.9,145,117.7,349,69.0,98,-.016,225,-1.47,183,108.3,126,109.8,274,+2.24,117
268,Houston Christian,Slnd,12-17,-8.84,103.0,249,111.8,256,65.1,304,+.017,140,-2.59,228,105.4,277,108.0,174,+5.32,51
269,Ball St.,MAC,14-14,-8.86,106.1,202,114.9,318,66.5,233,-.034,271,-6.92,334,104.5,299,111.4,355,-6.57,342
270,Harvard,Ivy,10-14,-9.04,102.7,254,111.7,253,65.9,274,+.041,94,-2.17,214,106.5,220,108.7,208,-3.07,273
271,Georgia St.,SB,13-17,-9.12,106.6,190,115.8,329,69.4,74,+.031,107,-3.38,257,105.8,254,109.2,237,-2.06,240
272,Sacred Heart,MAAC,12-15,-9.12,106.0,204,115.1,319,70.5,44,-.031,263,-6.87,332,103.1,335,109.9,287,-2.57,254
273,Portland,WCC,11-18,-9.18,106.0,206,115.2,322,68.8,111,+.057,67,+3.01,99,109.1,104,106.1,117,-3.70,291
274,Monmouth,CAA,11-18,-9.34,103.8,239,113.1,290,67.7,167,+.021,129,-1.72,188,106.4,228,108.1,181,+2.56,103
275,Southern Utah,WAC,11-16,-9.35,101.0,292,110.4,229,68.5,121,+.024,123,-1.12,176,105.6,261,106.7,132,+0.19,170
276,Navy,PL,12-18,-9.44,102.1,271,111.5,250,67.0,210,-.074,333,-7.79,349,102.6,345,110.4,307,-5.41,328
277,Pacific,WCC,9-22,-9.49,102.5,258,112.0,262,66.3,242,-.028,256,+2.80,103,109.4,95,106.6,128,-0.00,180
278,Bethune Cookman,SWAC,13-15,-9.69,98.2,331,107.9,186,69.0,94,+.081,34,-3.56,263,105.0,290,108.6,203,+9.50,23
279,Penn,Ivy,7-17,-9.69,104.8,225,114.5,311,66.7,223,-.036,277,-1.89,198,106.1,239,108.0,173,-1.16,213
280,Albany,AE,14-14,-9.74,102.4,261,112.1,266,67.9,156,+.026,116,-7.22,339,103.6,324,110.8,336,-4.43,304
281,Iona,MAAC,12-16,-9.75,97.7,335,107.4,171,68.9,100,-.008,202,-6.75,327,103.5,326,110.2,301,-3.24,281
282,Texas Southern,SWAC,13-15,-9.80,96.9,338,106.7,158,70.1,55,-.049,298,-6.38,318,102.9,337,109.3,246,+12.99,9
283,Austin Peay,ASun,13-18,-9.82,102.5,260,112.3,269,66.1,256,+.026,117,-1.86,196,108.2,131,110.0,291,+5.45,49
284,Tulsa,Amer,11-17,-9.95,100.5,303,110.5,232,66.2,252,-.050,300,-1.85,195,107.1,179,109.0,226,-9.09,356
285,UMBC,AE,13-16,-10.38,107.0,184,117.4,346,71.2,25,-.051,301,-7.28,340,102.6,344,109.9,284,-5.11,317
286,VMI,SC,13-16,-10.40,100.8,299,111.2,244,68.4,130,+.014,147,-2.33,222,106.6,209,109.0,224,-1.91,235
287,Southern Miss,SB,10-20,-10.53,98.9,329,109.5,214,71.3,24,-.021,240,-1.82,192,106.3,234,108.1,178,+0.31,164
288,Lafayette,PL,12-18,-10.63,99.0,327,109.6,217,66.2,251,-.073,329,-8.08,352,103.5,325,111.6,359,-5.14,319
289,Charleston Southern,BSth,10-20,-10.71,100.8,298,111.6,252,67.7,163,+.038,97,-0.06,149,109.2,102,109.3,241,+4.73,58
290,Tarleton St.,WAC,11-17,-10.78,94.3,358,105.1,120,65.8,276,+.047,84,+2.18,113,108.0,138,105.8,109,+7.40,35
291,Tennessee Martin,OVC,12-17,-10.79,101.4,288,112.2,268,67.3,195,-.051,302,-6.49,322,102.8,340,109.3,243,+2.41,110
292,San Diego,WCC,4-25,-10.93,99.5,319,110.4,231,70.9,31,-.115,361,+1.97,116,108.4,124,106.4,120,-3.80,294
293,Tennessee Tech,OVC,15-14,-10.99,102.2,265,113.2,293,67.7,164,+.079,37,-6.89,333,102.6,346,109.5,255,+0.66,151
294,Utah Tech,WAC,6-21,-11.02,104.2,235,115.2,321,67.3,193,-.068,323,+0.93,132,106.7,205,105.8,107,+3.37,88
295,Lehigh,PL,10-18,-11.06,101.0,293,112.0,260,67.1,204,-.093,352,-5.91,307,103.9,316,109.8,272,+3.64,81
296,Bowling Green,MAC,12-16,-11.23,100.8,300,112.0,261,69.4,73,+.006,168,-6.03,309,105.2,279,111.3,353,-6.43,340
297,Saint Peter's,MAAC,10-14,-11.33,96.8,341,108.1,187,63.4,351,+.005,169,-6.62,323,104.4,302,111.0,347,-0.25,189
298,Delaware St.,MEAC,14-12,-11.36,101.7,284,113.0,287,70.7,38,+.061,58,-6.38,317,104.7,297,111.1,351,-1.38,216
299,LIU,NEC,14-15,-11.48,94.8,354,106.3,148,65.1,311,+.007,165,-9.22,358,102.8,341,112.0,362,-2.65,257
300,Eastern Michigan,MAC,14-14,-11.52,103.3,244,114.8,316,67.3,199,+.131,8,-5.02,293,105.9,247,110.9,343,-3.02,271
301,Western Michigan,MAC,10-18,-11.74,101.5,287,113.2,294,68.2,141,-.021,236,-3.44,260,107.0,186,110.4,315,+0.01,179
302,Boston University,PL,15-15,-11.81,99.3,321,111.1,242,63.1,356,+.056,70,-7.78,347,103.3,332,111.0,349,-5.72,333
303,Louisiana,SB,11-19,-11.84,99.5,317,111.4,248,67.2,200,+.074,44,-2.02,205,105.8,253,107.9,166,+1.30,134
304,Weber St.,BSky,10-19,-11.88,102.1,267,114.0,306,65.9,271,-.012,213,-2.05,206,107.2,174,109.3,242,+2.83,97
305,Alabama St.,SWAC,13-15,-11.95,102.0,273,114.0,305,68.1,149,+.023,128,-7.72,345,102.4,350,110.1,295,+6.38,45
306,Binghamton,AE,15-14,-11.96,100.9,296,112.8,281,65.9,269,+.081,33,-6.85,331,103.6,322,110.5,318,-4.68,308
307,Loyola MD,PL,11-17,-12.36,100.9,294,113.3,296,67.0,209,-.033,267,-8.20,354,102.4,347,110.6,328,-5.18,321
308,Army,PL,16-13,-12.42,102.3,262,114.7,313,67.5,184,+.134,6,-7.76,346,103.4,331,111.1,352,-5.21,324
309,Howard,MEAC,12-16,-12.49,106.2,201,118.7,355,69.3,76,+.044,90,-6.64,324,103.6,323,110.2,300,+1.96,122
310,Air Force,MWC,4-24,-12.50,99.8,311,112.3,273,64.2,338,-.092,351,+3.10,98,109.0,107,105.9,110,-4.57,306
311,Old Dominion,SB,11-19,-12.52,101.7,281,114.3,309,66.3,245,-.003,184,-3.80,271,105.5,267,109.3,245,-2.89,267
312,Long Beach St.,BW,7-21,-12.61,102.3,263,114.9,317,64.5,325,-.053,306,+0.77,134,107.1,178,106.4,119,+2.74,99
313,Alcorn St.,SWAC,8-19,-12.83,99.5,318,112.3,271,65.4,293,-.038,283,-0.92,170,106.2,236,107.1,147,+13.50,6
314,Stonehill,NEC,14-15,-12.92,101.8,277,114.7,314,65.1,303,+.029,114,-9.23,359,101.2,363,110.5,316,-2.91,269
315,Fairleigh Dickinson,NEC,11-18,-13.01,99.4,320,112.4,275,69.2,85,-.079,338,-6.93,335,103.5,328,110.4,309,+2.88,96
316,Holy Cross,PL,13-17,-13.49,101.8,278,115.3,325,66.2,250,+.057,66,-5.91,308,103.9,315,109.8,275,+0.19,171
317,IU Indy,Horz,9-20,-13.57,108.2,158,121.8,360,65.3,296,-.089,348,-3.58,264,104.9,292,108.5,198,-3.35,283
318,Oral Roberts,Sum,7-20,-13.67,104.4,230,118.1,351,68.0,153,-.009,204,+0.03,148,109.8,90,109.8,276,+6.96,42
319,Florida A&M,SWAC,12-14,-13.73,100.0,308,113.8,303,67.5,183,+.080,35,-4.13,280,104.0,309,108.2,182,+19.51,1
320,Saint Francis,NEC,12-17,-13.87,101.6,285,115.5,326,67.3,198,+.019,135,-5.61,302,103.4,329,109.0,229,+7.90,33
321,Denver,Sum,10-19,-13.90,99.1,323,113.0,286,66.6,225,+.016,142,-2.17,213,109.3,101,111.4,357,-0.90,206
322,North Carolina Central,MEAC,11-17,-13.90,103.2,247,117.1,344,66.8,217,-.042,291,-6.49,321,104.4,301,110.9,340,+0.06,178
323,Niagara,MAAC,10-17,-13.95,101.3,289,115.2,323,65.2,301,-.005,191,-7.42,342,102.4,349,109.8,282,-4.93,311
324,Grambling St.,SWAC,9-18,-14.41,96.9,340,111.3,247,64.3,333,-.066,322,-6.05,311,103.2,334,109.3,239,+10.56,16
325,North Carolina A&T,CAA,7-22,-14.51,98.8,330,113.3,298,69.9,61,-.007,199,-2.95,240,105.9,245,108.9,222,-0.83,201
326,Coastal Carolina,SB,10-20,-14.60,102.1,272,116.7,336,63.3,352,-.028,255,-4.06,279,105.1,288,109.2,235,-5.46,330
327,Rider,MAAC,10-18,-15.05,99.7,314,114.8,315,65.2,300,+.064,54,-5.74,304,103.8,317,109.5,258,+0.16,172
328,East Texas A&M,Slnd,4-25,-15.21,96.9,339,112.1,263,67.6,170,-.038,287,-0.29,159,106.9,190,107.2,150,+4.89,57
329,Morgan St.,MEAC,11-16,-15.36,104.1,236,119.5,358,70.4,48,-.022,241,-7.04,338,103.7,320,110.7,330,-3.30,282
330,Lindenwood,OVC,14-16,-15.46,95.1,352,110.5,234,69.7,63,+.093,23,-7.53,344,102.9,339,110.4,311,+4.08,71
331,Morehead St.,OVC,14-15,-15.68,98.9,328,114.6,312,64.6,324,+.101,19,-6.98,336,102.2,355,109.1,234,+5.02,55
332,Eastern Illinois,OVC,10-19,-15.88,93.0,361,108.9,200,66.1,254,-.002,183,-5.57,299,104.0,311,109.6,260,+10.96,14
333,Green Bay,Horz,3-26,-16.06,100.7,301,116.8,338,69.1,88,-.061,316,-0.47,165,107.5,157,108.0,175,+4.20,66
334,Detroit Mercy,Horz,8-21,-16.24,95.6,348,111.8,255,66.8,216,+.034,102,-2.21,215,107.3,170,109.6,259,+1.47,131
335,USC Upstate,BSth,6-24,-16.36,100.2,307,116.6,334,72.9,5,-.027,254,-0.20,155,108.5,120,108.7,211,+2.54,104
336,Southern Indiana,OVC,10-18,-16.52,99.0,324,115.6,328,67.3,196,-.021,239,-8.34,356,102.1,356,110.4,314,-2.29,246
337,Fairfield,MAAC,10-17,-16.58,100.3,305,116.9,341,65.7,277,+.073,45,-6.29,316,102.9,338,109.2,236,-2.37,248
338,Stony Brook,CAA,6-23,-16.87,102.1,268,119.0,356,64.8,320,-.041,289,-2.32,221,105.8,257,108.1,179,-0.29,191
339,Sacramento St.,BSky,7-21,-16.96,96.5,343,113.4,300,65.9,270,-.009,203,-3.31,254,106.8,198,110.1,296,-1.08,209
340,Western Carolina,SC,8-20,-17.03,96.3,346,113.4,299,71.1,28,+.029,112,+0.80,133,108.4,125,107.6,159,+7.42,34
341,Cal St. Fullerton,BW,6-22,-17.44,96.4,345,113.8,304,68.2,139,-.019,231,+1.29,123,107.4,169,106.1,115,+4.42,61
342,Louisiana Monroe,SB,7-23,-17.57,96.5,342,114.0,308,68.3,132,-.023,246,-3.15,247,105.5,264,108.7,214,-2.94,270
343,Bellarmine,ASun,5-26,-17.71,104.4,231,122.1,361,66.4,236,-.109,358,-3.72,268,106.0,241,109.8,273,-1.60,225
344,Wagner,NEC,14-13,-17.74,94.4,356,112.1,265,60.4,363,+.093,22,-11.00,364,100.4,364,111.4,354,-1.96,238
345,New Orleans,Slnd,4-25,-17.80,99.6,316,117.4,347,69.4,70,-.015,222,+0.70,137,107.5,165,106.7,133,+10.47,17
346,West Georgia,ASun,6-25,-18.40,97.5,336,115.9,330,68.3,134,+.012,150,-2.27,217,107.3,172,109.5,257,+2.06,119
347,Mercyhurst,NEC,14-16,-18.42,98.2,333,116.6,335,65.1,309,+.116,12,-8.09,353,102.2,352,110.3,305,-0.91,207
348,Northern Illinois,MAC,5-23,-18.42,95.3,351,113.7,301,69.3,77,-.111,360,-2.83,234,106.8,199,109.6,264,-0.85,203
349,Central Arkansas,ASun,8-23,-18.69,98.2,332,116.9,340,66.4,235,+.023,127,-2.48,226,107.0,188,109.4,251,+2.32,115
350,Buffalo,MAC,8-20,-18.70,95.3,350,114.0,307,71.5,20,+.032,105,-3.40,258,106.5,224,109.9,283,+0.32,162
351,Stetson,ASun,8-23,-19.05,100.3,306,119.3,357,67.7,165,-.007,198,-3.74,269,106.8,202,110.5,321,+0.08,176
352,NJIT,AE,5-23,-19.25,94.0,360,113.2,295,66.3,243,-.078,337,-5.57,300,104.4,300,110.0,290,-3.46,286
353,Western Illinois,OVC,11-19,-19.58,99.0,326,118.6,354,64.2,335,+.038,98,-8.22,355,101.9,358,110.1,297,-2.56,253
354,Le Moyne,NEC,9-20,-20.74,100.3,304,121.1,359,68.7,114,+.016,143,-8.03,350,102.4,348,110.5,319,+0.44,154
355,Canisius,MAAC,3-24,-20.76,101.8,279,122.6,363,66.2,246,-.080,339,-3.91,273,104.0,310,107.9,172,+3.64,80
356,Alabama A&M,SWAC,10-18,-20.79,94.4,357,115.1,320,72.1,15,-.024,249,-10.30,362,101.8,360,112.1,363,+1.56,126
357,The Citadel,SC,5-23,-21.08,95.9,347,117.0,342,64.7,321,-.140,362,-2.66,231,106.4,229,109.1,230,-6.58,343
358,Prairie View A&M,SWAC,5-23,-21.10,96.4,344,117.5,348,70.8,33,-.064,321,-4.59,291,104.4,303,109.0,225,+10.58,15
359,New Hampshire,AE,8-21,-21.19,94.8,353,116.0,331,67.4,188,+.030,108,-6.09,312,104.8,294,110.9,342,-2.84,265
360,Chicago St.,NEC,4-25,-23.51,92.0,362,115.5,327,68.9,99,-.019,232,-2.46,224,105.4,275,107.9,169,+8.48,27
361,Maryland Eastern Shore,MEAC,5-22,-24.36,94.1,359,118.5,353,66.7,224,-.104,355,-0.77,168,107.5,160,108.3,188,+9.96,20
362,Coppin St.,MEAC,5-21,-24.88,87.0,363,111.9,258,68.3,131,+.046,86,-2.28,218,107.0,184,109.3,244,+4.72,59
363,Arkansas Pine Bluff,SWAC,5-23,-27.49,94.7,355,122.2,362,72.3,11,-.042,292,-6.82,330,102.8,342,109.6,262,+7.26,37
364,Mississippi Valley St.,SWAC,3-25,-42.63,82.7,364,125.3,364,65.0,316,+.001,178,-0.93,171,105.7,259,106.7,129,+18.86,2
